/*
    Sample Data for CyberThreats Database
    -------------------------------------
    This data was generated by ChatGPT for testing and demonstration purposes.
    It includes 10 example entries for Sponsors, ThreatGroups, Campaigns, Attacks,
    AttackTools, Targets, ResearchCompanies, Publications, and About.
*/

-- 1. Sponsors
INSERT INTO Sponsor (S_name, Country) VALUES
('NSA', 'USA'),
('FSB', 'Russia'),
('Mossad', 'Israel'),
('PLA', 'China'),
('MI6', 'UK'),
('DGSE', 'France'),
('BND', 'Germany'),
('ASIO', 'Australia'),
('CSIS', 'Canada'),
('NRO', 'USA');

-- 2. ThreatGroups
INSERT INTO ThreatGroup (TG_name, S_name) VALUES
('APT28', 'FSB'),
('APT29', 'FSB'),
('Lazarus', 'PLA'),
('CharmingKitten', 'PLA'),
('Unit8200', 'Mossad'),
('EquationGroup', 'NSA'),
('Turla', 'FSB'),
('Sandworm', 'FSB'),
('OceanLotus', 'PLA'),
('Fin7', 'PLA'); 

-- 3. Alias
INSERT INTO Alias (Alias, TG_name) VALUES
('FancyBear', 'APT28'),
('CozyBear', 'APT29'),
('HiddenCobra', 'Lazarus'),
('Phosphorus', 'CharmingKitten'),
('8200Elite', 'Unit8200'),
('EquationX', 'EquationGroup'),
('Snake', 'Turla'),
('BlackEnergy', 'Sandworm'),
('APT32', 'OceanLotus'),
('Carbanak', 'Fin7');

-- 4. Campaigns
INSERT INTO Campaign (C_name, TG_name, StartDate, EndDate) VALUES
('SolarWinds', 'APT29', '2019-01-01', '2020-12-31'),
('WannaCry', 'Lazarus', '2017-05-12', '2017-05-20'),
('NotPetya', 'APT28', '2017-06-27', '2017-12-31'),
('OilRigOp', 'CharmingKitten', '2020-03-01', '2021-01-31'),
('PegasusLeak', 'Unit8200', '2021-06-01', '2022-03-15'),
('EquationXOps', 'EquationGroup', '2018-01-01', '2019-12-31'),
('TurlaPhish', 'Turla', '2019-02-01', '2020-01-31'),
('SandwormICS', 'Sandworm', '2015-12-01', '2016-12-31'),
('APT32Campaign', 'OceanLotus', '2018-03-01', '2019-07-31'),
('Fin7Ransom', 'Fin7', '2016-06-01', '2018-12-31');

-- 5. AttackTools
INSERT INTO AttackTool (AT_name, Type) VALUES
('SUNBURST', 'Malware'),
('EternalBlue', 'Exploit'),
('Mimikatz', 'Tool'),
('SpearPhish', 'Tactic'),
('Pegasus', 'Spyware'),
('EquationZero', 'Exploit'),
('SnakeTool', 'Malware'),
('BlackEnergy', 'Malware'),
('APT32Kit', 'Tool'),
('CarbanakKit', 'Malware');

-- 6. Attacks
INSERT INTO Attack (A_name, Financial_Damage, C_name) VALUES
('SW_Backdoor', 5000000, 'SolarWinds'),
('WC_Encrypt', 200000000, 'WannaCry'),
('NP_Destroy', 100000000, 'NotPetya'),
('OilPhish', 300000, 'OilRigOp'),
('PegasusHack', 1500000, 'PegasusLeak'),
('EquationZeroDay', 10000000, 'EquationXOps'),
('TurlaSpearPhish', 500000, 'TurlaPhish'),
('BlackEnergyAttack', 2500000, 'SandwormICS'),
('APT32Malware', 400000, 'APT32Campaign'),
('CarbanakBank', 7500000, 'Fin7Ransom');

-- 7. Uses
-- Use the AttackID generated by IDENTITY
INSERT INTO Uses (AttackID, C_name, AT_name)
SELECT AttackID, C_name, 'SUNBURST' FROM Attack WHERE A_name='SW_Backdoor';
INSERT INTO Uses (AttackID, C_name, AT_name)
SELECT AttackID, C_name, 'EternalBlue' FROM Attack WHERE A_name='WC_Encrypt';
INSERT INTO Uses (AttackID, C_name, AT_name)
SELECT AttackID, C_name, 'Mimikatz' FROM Attack WHERE A_name='NP_Destroy';
INSERT INTO Uses (AttackID, C_name, AT_name)
SELECT AttackID, C_name, 'SpearPhish' FROM Attack WHERE A_name='OilPhish';
INSERT INTO Uses (AttackID, C_name, AT_name)
SELECT AttackID, C_name, 'Pegasus' FROM Attack WHERE A_name='PegasusHack';
INSERT INTO Uses (AttackID, C_name, AT_name)
SELECT AttackID, C_name, 'EquationZero' FROM Attack WHERE A_name='EquationZeroDay';
INSERT INTO Uses (AttackID, C_name, AT_name)
SELECT AttackID, C_name, 'SnakeTool' FROM Attack WHERE A_name='TurlaSpearPhish';
INSERT INTO Uses (AttackID, C_name, AT_name)
SELECT AttackID, C_name, 'BlackEnergy' FROM Attack WHERE A_name='BlackEnergyAttack';
INSERT INTO Uses (AttackID, C_name, AT_name)
SELECT AttackID, C_name, 'APT32Kit' FROM Attack WHERE A_name='APT32Malware';
INSERT INTO Uses (AttackID, C_name, AT_name)
SELECT AttackID, C_name, 'CarbanakKit' FROM Attack WHERE A_name='CarbanakBank';

-- 8. Targets
INSERT INTO Target (T_name, Sector, Location) VALUES
('NSA Servers', 'Government', 'USA'),
('UK Hospitals', 'Healthcare', 'UK'),
('PetroCorp', 'Energy', 'Russia'),
('TelecomIL', 'Telecom', 'Israel'),
('MoFA', 'Diplomacy', 'Iran'),
('FinancialBank', 'Banking', 'USA'),
('OilPlant', 'Energy', 'Germany'),
('NuclearPlant', 'Infrastructure', 'Ukraine'),
('TechCorp', 'Technology', 'Vietnam'),
('RetailChain', 'Retail', 'USA');

-- 9. AimsAt
INSERT INTO AimsAt (TargetID, AttackID, C_name)
SELECT t.TargetID, a.AttackID, a.C_name
FROM Target t
JOIN Attack a ON t.T_name='NSA Servers' AND a.A_name='SW_Backdoor';
INSERT INTO AimsAt (TargetID, AttackID, C_name)
SELECT t.TargetID, a.AttackID, a.C_name
FROM Target t
JOIN Attack a ON t.T_name='UK Hospitals' AND a.A_name='WC_Encrypt';
INSERT INTO AimsAt (TargetID, AttackID, C_name)
SELECT t.TargetID, a.AttackID, a.C_name
FROM Target t
JOIN Attack a ON t.T_name='PetroCorp' AND a.A_name='NP_Destroy';
INSERT INTO AimsAt (TargetID, AttackID, C_name)
SELECT t.TargetID, a.AttackID, a.C_name
FROM Target t
JOIN Attack a ON t.T_name='TelecomIL' AND a.A_name='OilPhish';
INSERT INTO AimsAt (TargetID, AttackID, C_name)
SELECT t.TargetID, a.AttackID, a.C_name
FROM Target t
JOIN Attack a ON t.T_name='MoFA' AND a.A_name='PegasusHack';
INSERT INTO AimsAt (TargetID, AttackID, C_name)
SELECT t.TargetID, a.AttackID, a.C_name
FROM Target t
JOIN Attack a ON t.T_name='FinancialBank' AND a.A_name='EquationZeroDay';
INSERT INTO AimsAt (TargetID, AttackID, C_name)
SELECT t.TargetID, a.AttackID, a.C_name
FROM Target t
JOIN Attack a ON t.T_name='OilPlant' AND a.A_name='BlackEnergyAttack';
INSERT INTO AimsAt (TargetID, AttackID, C_name)
SELECT t.TargetID, a.AttackID, a.C_name
FROM Target t
JOIN Attack a ON t.T_name='NuclearPlant' AND a.A_name='TurlaSpearPhish';
INSERT INTO AimsAt (TargetID, AttackID, C_name)
SELECT t.TargetID, a.AttackID, a.C_name
FROM Target t
JOIN Attack a ON t.T_name='TechCorp' AND a.A_name='APT32Malware';
INSERT INTO AimsAt (TargetID, AttackID, C_name)
SELECT t.TargetID, a.AttackID, a.C_name
FROM Target t
JOIN Attack a ON t.T_name='RetailChain' AND a.A_name='CarbanakBank';

-- 10. ResearchCompanies
INSERT INTO ResearchCompany (RC_name) VALUES
('FireEye'),
('CrowdStrike'),
('CheckPoint'),
('Kaspersky'),
('CiscoTalos'),
('Symantec'),
('PaloAlto'),
('TrendMicro'),
('Bitdefender'),
('McAfee');

-- 11. Publications
INSERT INTO Publication (RC_name, C_name, Title, Damage, Publication_Type, Modification) VALUES
('FireEye', 'SolarWinds', 'Backdoor Report', 'High', 'Technical', 'None'),
('Kaspersky', 'WannaCry', 'WC Overview', 'Massive', 'General', 'Edited'),
('CheckPoint', 'NotPetya', 'NP Breakdown', 'Severe', 'Technical', 'Updated'),
('CrowdStrike', 'OilRigOp', 'OilRig Profile', 'Medium', 'Brief', 'None'),
('CiscoTalos', 'PegasusLeak', 'Pegasus Case', 'Critical', 'Analysis', 'Minor'),
('Symantec', 'EquationXOps', 'Equation Threat', 'High', 'Technical', 'None'),
('PaloAlto', 'TurlaPhish', 'Turla Phishing', 'Medium', 'Report', 'Revised'),
('TrendMicro', 'SandwormICS', 'ICS Attack', 'Severe', 'Technical', 'Updated'),
('Bitdefender', 'APT32Campaign', 'APT32 Malware', 'Medium', 'Technical', 'None'),
('McAfee', 'Fin7Ransom', 'Fin7 Case', 'High', 'Analysis', 'Edited');

-- 12. About
INSERT INTO About (C_name, PublicationID, RC_name, Date)
SELECT a.C_name, p.PublicationID, p.RC_name, '2020-01-01'
FROM Publication p
JOIN Campaign a ON p.C_name = a.C_name
WHERE p.PublicationID BETWEEN 101 AND 110;

-- Sample data for TG_duplicate table
-- Shows threat groups that may represent the same entity
INSERT INTO TG_duplicate (TG_name1, TG_name2, Note) VALUES
('APT28', 'APT29', 'Some reports suggest collaboration or shared infrastructure'),
('APT28', 'Lazarus', 'Suspicious activity patterns overlap'),
('APT29', 'Unit8200', 'Possible collaboration based on tool usage'),
('CharmingKitten', 'Unit8200', 'Observed targeting similar entities'),
('Lazarus', 'APT29', 'Linked via similar malware techniques');